<?xml version="1.0" encoding="utf-8" standalone="no" ?>
<modDesc descVersion="9">
    <author>FS-UK Modteam</author>
    <version>1</version>
    <title>
        <en>New Holland Clayson M135 Combine Harvester</en>
        <de>New Holland Clayson M135 Mähdrescher</de>
    </title>
    <description>
        <en>New Holland Clayson M135 Combine Harvester</en>
        <de>New Holland Clayson M135 Mähdrescher</de>
		
    </description>
    <iconFilename>storeMP.png</iconFilename>
    <multiplayer supported="true"/>
	<version>1.0</version>
	
	<l10n>
		<text name="CUTTER_MODE">
            <en>Change cutter configuration</en>
            <de>Change cutter configuration ändern</de>
		</text>
		<text name="tranport">
			<en>Place dividers in transport mode</en>
			<de>Halmteiler im Transport-Modus legen</de>
		</text>
		<text name="setDividers">
			<en>Attach dividers</en>
			<de>Halmteiler befestigen</de>
		</text>
		<text name="removeDividers">
			<en>Remove dividers</en>
			<de>Halmteiler entfernen</de>
		</text>
		<text name="turnON_Error">
            <en>Remove dividers from transport mode before you start threshing.</en>
            <de>Entfernen Halmteiler aus Transportmodus, bevor Sie Dreschen beginnen.</de>
		</text>
    </l10n>	
	
	<specializations>
		<specialization name="ClaysonCutter" className="ClaysonCutter" filename="scripts/ClaysonCutter.lua" />
		<specialization name="Clayson" className="Clayson" filename="scripts/Clayson.lua"/>
		<specialization name="objectAttacher" className="objectAttacher" filename="scripts/objectAttacher.lua"/>
	</specializations>
		
    <vehicleTypes>	
		<type name="claybine" className="Vehicle" filename="$dataS/scripts/vehicles/Vehicle.lua">
			<specialization name="motorized"/>
			<specialization name="steerable"/>
			<specialization name="cylindered"/>
			<specialization name="combine"/>
			<specialization name="hirable"/>
			<specialization name="aiCombine"/>
			<specialization name="honk"/>
				<specialization name="Clayson" />
		</type>
        <type name="claysoncutter" className="Vehicle" filename="$dataS/scripts/vehicles/Vehicle.lua">
			<specialization name="attachable" />
			<specialization name="cutter" />
			<specialization name="mountable" />
				<specialization name="ClaysonCutter" />
        </type>
		<type name="NHHT" className="Vehicle" filename="$dataS/scripts/vehicles/Vehicle.lua">
			<specialization name="attachable" />
			<specialization name="animatedVehicle"/>
			<specialization name="cylindered"/>
				<specialization name="objectAttacher"/>
		</type>
    </vehicleTypes>
    <storeItems>
        <storeItem>
            <en>
                <name>New Holland Clayson M135</name>
                <description>
<![CDATA[The New Holland Clayson M135 combine harvester was produced from 1966 to 1971. 
The iconic M135 was one of the best selling combine harvesters of the 1960's. Thanks to its robust design, relative low price and big capacity, it became an instant hit all over Europe.
Use this classic to harvest your wheat, barley, rape and maize.

By the FS-UK Modteam  
(nishma, peterj, sam123, wizznall)
Twitter: @fsukmodteam]]>
                </description>
				<specs><![CDATA[Tank capacity: 2850 litres
Maintenance: %s / day
Usage: Harvesting wheat, barley, rape and maize.]]>
				</specs>
            </en>
            <de>
                <name>New Holland Clayson M135</name>
                <description>
<![CDATA[Der New Holland Clayson M135 Mähdrescher wurde von 1966 bis 1971 produziert.
Das ikonische M135 war einer der meistverkauften Mähdrescher der 1960er Jahre. Dank seiner robusten Bauweise, relativ niedrigen Preis und große Kapazität, wurde es sofort ein Erfolg in ganz Europa.
Verwenden Sie diesen Klassiker zu Ihrem Weizen, Gerste, Raps und Mais zu ernten.

Von FS-UK Modteam
(nishma, peterj, sam123, wizznall)
Twitter: @fsukmodteam]]>
                </description>
				<specs><![CDATA[Tankinhalt: 2850 Liter
Wartung: %s / Tag
Verwendung: Weizen, Gerste und Raps Ernten]]>
				</specs>
            </de>
            <rotation>0</rotation>
            <image active="store.png" brand="brand_NewHolland.png"/>
            <price>11000</price>
			<dailyUpkeep>230</dailyUpkeep>
            <xmlFilename>NH_Clayson_M135_MT.xml</xmlFilename>
			<brand>New Holland</brand>
			<machineType>harvesters</machineType>
        </storeItem>
        <storeItem>
            <en>
                <name>New Holland Clayson M135 Header</name>
                <description>
<![CDATA[This is the largest header available for the New Holland Clayson M135. It is equipped with several useful functions
to ensure maximum efficiency and quality threshing. The adjustable cutter reel and high quality crop dividers have been provided to ensure that 
even the toughest grain crop will enter the header unharmed.

By the FS-UK Modteam  
(nishma, peterj, sam123, wizznall)
Twitter: @fsukmodteam]]>
                </description>
				<specs><![CDATA[Cutting width: 4,80 meters (16 foot)
Maintenance: %s / day
Usage: Attachment for the NH Clayson M135. 
Allows for harvesting wheat, barley and rape.]]>
				</specs>
            </en>
            <de>
                <name>New Holland Clayson M135 Schneidwerk</name>
                <description>
<![CDATA[Dies ist die größte Header für den New Holland Clayson M135. Es ist mit vielen nützlichen Funktionen ausgestattet
um maximale Effizienz und Qualität Dreschen zu gewährleisten. Die einstellbarem Messerwalze und hohe Qualität Halmteiler wurden bereitgestellt, um sicherzustellen, dass
selbst die härtesten Getreideernte treten wird der Header unverletzt.

Von FS-UK Modteam
(nishma, peterj, sam123, wizznall)
Twitter: @fsukmodteam]]>
                </description>
				<specs><![CDATA[Schnittbreite: 4,80 Meter (16 Fuß)
Wartung: %s / Tag
Verwendung: Befestigung für NH Clayson M135.
Ermöglicht für die Ernte von Weizen, Gerste und Raps]]>
				</specs>
            </de>
            <rotation>180</rotation>
            <image active="store1.png" brand="brand_NewHolland.png"/>
            <price>3550</price>
			<dailyUpkeep>45</dailyUpkeep>
            <xmlFilename>NH_Clayson_Cutter.xml</xmlFilename>
			<brand>New Holland</brand>
			<machineType>harvesters</machineType>
        </storeItem>
        <storeItem>
            <en>
                <name>New Holland Clayson M135 Header Trailer</name>
                <description>
<![CDATA[With a header width of 4.8 meters, in order to transport the header safely, efficiently and legally over the road, the New Holland Clayson M135 comes with a trailer, specifically suited to the task of transporting its header.
Load the header onto the trailer, attach the trailer to the back of the harvester, and you are ready for your journey.

By the FS-UK Modteam  
(nishma, peterj, sam123, wizznall)
Follow us on Twitter: @fsukmodteam]]>
                </description>
				<specs><![CDATA[Special design header trailer	
Maintenance: %s / day
Usage: Transportation of the M135 header]]>
				</specs>
            </en>
            <de>
                <name>New Holland Clayson M135 Schneidwerk Anhänger</name>
                <description>
<![CDATA[Mit einer Schnittbreite von 4,8 Metern, um den Schneidwerk sicher zu transportieren, effizient und rechtlich über die Straße, kommt die New Holland Clayson M135 mit einem Anhänger, die speziell auf die Aufgabe, den Transport ihrer Schneidwerk geeignet.
Legen Sie den Kopf auf den Anhänger, den Anhänger an der Rückseite des Mähdreschers, und Sie sind bereit für Ihre Reise.

Von FS-UK Modteam
(nishma, peterj, sam123, wizznall)
Twitter: @fsukmodteam]]>
                </description>
				<specs><![CDATA[Spezielle Design Schneidwerk Anhänger	
Wartung: %s / Tag
Verwendung: Der Transport des M135-Schneidwerk]]>
				</specs>
            </de>
            <rotation>0</rotation>
            <image active="store2.png" brand="brand_NewHolland.png"/>
            <price>1450</price>
			<dailyUpkeep>6</dailyUpkeep>
            <xmlFilename>NH_Clayson_HT.xml</xmlFilename>
			<brand>New Holland</brand>
			<machineType>harvesters</machineType>
        </storeItem>
    </storeItems>
	
</modDesc>