﻿<?xml version="1.0" encoding="utf-8" standalone="no" ?>
<vehicle type="claysoncutter">
	<annotation>FS-UK modteam, All Rights Reserved.</annotation>
    <name>
        <en>New Holland Clayson M135 Header</en>
        <de>New Holland Clayson M135 Schneidwerk</de>
    </name>
    <description>New Holland Clayson M135 Header</description>
	<typeDesc>$l10n_TypeDesc_Cutter</typeDesc>
    <filename>NH_Clayson_Cutter.i3d</filename>
    <size width="5.0" length="3.0" />
	
    <sidearms index="0" movable="false" />
    <reel index="0|0" />
    <reelspikes index="0|0|0" count="5" />
    <roll index="1" />
	<myKnives index="9"/>
	
    <cuttingAreas count="1">
        <cuttingArea1 startIndex="2" widthIndex="3" heightIndex="4" losing="false"/>
    </cuttingAreas>

    <attacherJoint index="5" jointType="cutter"/>

    <fruitExtraObjects>
        <fruitExtraObject fruitType="wheat" index="7"/>
        <fruitExtraObject fruitType="barley" index="7"/>
        <fruitExtraObject fruitType="rape" index="6"/>
    </fruitExtraObjects>

    <aiLeftMarker index="6" />
    <aiRightMarker index="7" />
    <aiTrafficCollisionTrigger index="8" />
	
	<dynamicMount forceLimit="0.04" />	

    <threshingParticleSystem position="0 0 -1" rotation="0 0 0" file="$data/vehicles/particleSystems/threshingCutterMiddleParticleSystem.i3d" />
    <preferedCombineSize>1</preferedCombineSize>
    <fruitTypes fruitTypes="wheat rape barley"/>
	
    <cutterMode index="11|0" index1="11|1" rangeNode="1"/>
	
    <components count="1">
        <component1 centerOfMass="0 0 -0.3" />
    </components>
    
    <schemaOverlay file="$data/vehicles/schemas/implement2Schema.png" fileSelected="$data/vehicles/schemas/implement2SchemaSelected.png" width="0.5" height="0.5" attacherJointPosition="1 0"/>

</vehicle>
