﻿<?xml version="1.0" encoding="utf-8" standalone="no" ?>
<vehicle type="NHHT">
    <name>
        <en>New Holland Clayson M135 Header Trailer</en>
        <de>New Holland Clayson M135 Schneidwerk Anhänger</de>
    </name>
    <description>New Holland Clayson M135 Header Trailer</description>
    <filename>NH_Clayson_HT.i3d</filename>
    <size width="2.7" length="3.8" />
	
    <wheels count="2" autoRotateBackSpeed="2.0">
        <wheel driveMode="0" repr="0" radius="0.35" deltaY="0.3" suspTravel="0.3" spring="120" damper="4" mass="0.3" />
        <wheel driveMode="0" repr="1" radius="0.35" deltaY="0.3" suspTravel="0.3" spring="120" damper="4" mass="0.3" />
    </wheels>
    <brakeForce>3</brakeForce>

	<attacherJoint index="2" jointType="trailerLow"/>

	<allowFillFromAir value="false" />
    <allowTipDischarge value="false" />
	<needsLowering value="false"/>
	
	<!-- object attacher -->
	<baleCastPoints allowBaleAttachment="false">
		<baleCastPoint frontRight="9|0" backLeft="9|2" attacherNode="0>"/>
		<baleCastPoint frontRight="9|1" backLeft="9|3" attacherNode="0>"/>
	</baleCastPoints>
	
    <movingTools>
         <!-- support -->
        <movingTool index="0>4" componentJointIndex="0" anchorActor="0">
        </movingTool>
    </movingTools>

    <animations>
        <animation name="moveSupport">
            <part node="4" startTime="0" duration="0.5" startTrans="-0.15468 1 2.96467" endTrans="-0.15468 0.8 2.96467" />
            <part node="5" startTime="0" duration="0.5" startRot="0 0 0" endRot="0 320 0" />
        </animation>
    </animations>	
	
    <support animationName="moveSupport" />	
	
    <components count="2">
        <component1 centerOfMass="0 -0.35 0.6" solverIterationCount="90" />
		<component2 centerOfMass="0 0 0" solverIterationCount="90" />
		<joint component1="0" component2="1" index="0>4|0" rotLimit="0 0 0" transLimit="0 0 0" />
    </components>

    <schemaOverlay file="$data/vehicles/schemas/implementSchema.png" fileSelected="$data/vehicles/schemas/implementSchemaSelected.png" width="0.5" height="0.5" attacherJointPosition="0 0">
	        <attacherJoint position="1 0" rotation="0" invertX="false" />	
    </schemaOverlay>

</vehicle>