﻿<?xml version="1.0" encoding="utf-8" standalone="no" ?>
<vehicle type="claybine">
	<annotation>FS-UK modteam, All Rights Reserved.</annotation>
	
	<name>
        <en>New Holland Clayson M135 Combine Harvester</en>
        <de>New Holland Clayson M135 Mähdrescher</de>
    </name>
    <description>New Holland Clayson M135 Combine Harvester</description>
    <filename>NH_Clayson_M135_MT.i3d</filename>
    <size width="4.0" length="7.5" />
    <wheels autoRotateBackSpeed="2.0" maxRotatedTimeSpeed="0">
        <wheel rotSpeed="-58" rotMax="37" rotMin="-37" driveMode="2" repr="2>1" radius="0.475" positionX="0.89" positionY="-0.034" positionZ="0" deltaY="-0.01" suspTravel="0" spring="280" damper="20" mass="0.17" lateralStiffness="20" />
        <wheel rotSpeed="-58" rotMax="37" rotMin="-37" driveMode="2" repr="2>2" radius="0.475" positionX="-0.89" positionY="-0.034" positionZ="0" deltaY="-0.01" suspTravel="0" spring="280" damper="20" mass="0.17" lateralStiffness="20" />
        <wheel rotSpeed="0" driveMode="1" repr="0" radius="0.805" positionX="0.68" positionY="0.728" positionZ="-1.922" deltaY="0.01" suspTravel="0.01" spring="280" damper="20" mass="0.4" lateralStiffness="20" />
        <wheel rotSpeed="0" driveMode="1" repr="1" radius="0.805" positionX="-0.68" positionY="0.728" positionZ="-1.922" deltaY="0.01" suspTravel="0.01" spring="280" damper="20" mass="0.4" lateralStiffness="20" />
    </wheels>
    <motor minRpm="100" maxRpm="620 1050 2100" maxTorques="-1 -1 -1" brakeForce="7" lowBrakeForceScale="0.5" lowBrakeForceSpeedLimit="2" compensateWheelRadius="true" accelerations="1 1 1" forwardGearRatio="34" backwardGearRatio="17" differentialRatio="1" rpmFadeOutRange="20">
		<torque rpm="100" torque="0.27"/>
		<torque rpm="2100" torque="0.43"/>

		<backwardTorque rpm="600" torque="0.55"/>
		<backwardTorque rpm="720" torque="0"/>
    </motor>
	<accelerationSpeed maxAcceleration="0.5" deceleration="0.6" backwardDeceleration="0.7" />
    <fuelCapacity>160</fuelCapacity>
    <fuelUsage>0.001</fuelUsage>
    <downForce>4</downForce>
    <cameras count="2">
        <camera1 index="7|0" rotatable="true" rotateNode="7" limit="true" rotMinX="-1.4" rotMaxX="0.05" transMin="7" transMax="25" >
			<raycastNode index="0>25"/>
			<raycastNode index="0>26"/>
		</camera1>
        <camera2 index="8" rotatable="true" rotateNode="8" limit="false" rotMinX="0" rotMaxX="0" transMin="0" transMax="0" />
    </cameras>
	
	<lights count="2">
        <light realLight="0>13" fakeLight="0>22" decoration="0>23" lightType="0"/>
        <light realLight="0>28|0" fakeLight="0>27" decoration="0>28|1" lightType="1"/>
    </lights>
	
	<brakeLights>
		<brakeLight index="0>32" />
	</brakeLights>

	<beaconLights>
		<beaconLight index="24" speed="0.013" />
	</beaconLights>
	
	<dashLights>
		<dashLight index="0>31|0|5"  />
	</dashLights>

    <steering index="14|0" rotationSpeed="6"/>
	<attacherJoints>
        <attacherJoint jointType="cutter" index="9|0|0" rotationNode="9" maxRot="12 0 0" rotationNode2="9|0" maxRot2="0 0 0" moveTime="2.5" />
        <attacherJoint index="2" jointType="trailerLow" allowsJointLimitMovement="false" allowsLowering="false" maxRotLimit="10 130 130" maxTransLimit="0 0 0"/>     
		<attacherJoint index="3" jointType="trailer" allowsJointLimitMovement="false" allowsLowering="false" maxRotLimit="10 130 130" maxTransLimit="0 0 0"/> 
		<attacherJoint index="2|0" jointType="trailerCombine" allowsJointLimitMovement="false" allowsLowering="false" maxRotLimit="10 130 130" maxTransLimit="0 0 0"/> 		
    </attacherJoints>
    <enterReferenceNode index="0>" />
    <exitPoint index="10" />
    
    <pipeSound file="$data/vehicles/steerable/fahr/old_pipe.wav" pitchOffset="1" pitchScale="0.03" pitchMax="1" />
    <threshingStartSound file="$data/vehicles/steerable/deutz/threshing_start.wav" pitchOffset="1.5" pitchScale="0.001" pitchMax="1.2" volume="0.2" />
    <threshingSound file="sounds/Claysonharvesting.wav" pitchOffset="1" pitchScale="0.001" pitchMax="1" volume="0.55" />
    <threshingStopSound file="$data/vehicles/steerable/deutz/threshingStop.wav" pitchOffset="0.5" pitchScale="0.001" pitchMax="1" volume="0.2" />
    <aiTreshingSound file="sounds/ClaysonharvestingAI.wav" pitchOffset="1" radius="35" innerRadius="4" volume="1" />  
    <attachSound file="$data/vehicles/steerable/deutz/attach.wav" pitchOffset="1" />
    <motorSoundRun file="sounds/run135.wav" pitchOffset="0.5" pitchScale="0.02" pitchMax="1.05" volume="0.9" />
    <aiMotorSound  file="sounds/run135AI.wav" pitchOffset="1" radius="35" innerRadius="4" volume="1.55" />
    <motorStartSound file="sounds/Claysonstart.wav" pitchOffset="1" volume="0.9"/>
    <motorSound file="sounds/Claysonidle.wav" pitchOffset="1" pitchScale="0.03" pitchMax="1.25" volume="0.9"/>
    <motorStopSound file="sounds/Claysonstop.wav" pitchOffset="0.9" />
	<honkSound file="$dataS2/sounds/horn.wav" volume="1" radius="80" innerRadius="35" />

    <cuttingAreas count="1">
        <cuttingArea1 startIndex="4" widthIndex="5" heightIndex="6"/>
    </cuttingAreas>
    <chopperBlind index="11" />
	
    <pipe numStates="2" unloadingStates="2" raycastNodeIndex="0>12|0">
        <node index="12" rotationSpeeds="16 35 0">
            <state1 rotation="0 0 0" />
            <state2 rotation="23 -90 0"/>
        </node>
    </pipe>

    <pipeParticleSystems>
        <pipeParticleSystem type="wheat"	position="0.42316 0.77211 -3.47184" rotation="0 90 0" file="$data/vehicles/particleSystems/wheatParticleSystem.i3d" />
        <pipeParticleSystem type="barley"	position="0.42316 0.77211 -3.47184" rotation="0 90 0" file="$data/vehicles/particleSystems/wheatParticleSystem.i3d" />
        <pipeParticleSystem type="rape"		position="0.42316 0.77211 -3.47184" rotation="0 90 0" file="$data/vehicles/particleSystems/rapeParticleSystem.i3d" />
        <pipeParticleSystem type="maize"	position="0.42316 0.77211 -3.47184" rotation="0 90 0" file="$data/vehicles/particleSystems/wheatParticleSystem.i3d" />
    </pipeParticleSystems>
	
    <movingTools>
        <!-- pipe -->
        <movingTool index="0>12" componentJointIndex="0" anchorActor="0"></movingTool>
    </movingTools>	
	
	<exhaustParticleSystems count="1">
        <exhaustParticleSystem1 node="0>33" file="$data/vehicles/particleSystems/exhaustParticleSystem.i3d" />
    </exhaustParticleSystems>
	
    <chopperParticleSystems>
        <chopperParticleSystem type="rape" position="0 1.0961 -3.32783" rotation="0 0 0" file="$data/vehicles/particleSystems/threshingChopperPSRapeSmall.i3d" />
        <chopperParticleSystem type="maize" position="0 1.0961 -3.32783" rotation="0 0 0" file="$data/vehicles/particleSystems/threshingChopperPSMaizeSmall.i3d" />
    </chopperParticleSystems>

    <strawParticleSystems>
        <strawParticleSystem type="wheat" position="0 0.90856 -3.9518" rotation="0 0 0" file="$data/vehicles/particleSystems/threshingStrawParticleSystemSmall.i3d" />
        <strawParticleSystem type="barley" position="0 0.90856 -3.9518" rotation="0 0 0" file="$data/vehicles/particleSystems/threshingStrawParticleSystemSmall.i3d" />
    </strawParticleSystems>

    <grainTankCapacity>2850</grainTankCapacity>
    <grainTankUnloadingCapacity>150</grainTankUnloadingCapacity>

    <grainTankPlanes>
        <grainTankPlane type="wheat">
            <node index="15|0">
                <key time="0" translation="0.054 2.76 0.475" scale="1 1 1"/>
                <key time="1" translation="0.054 3.654 0.475" scale="1 1 1"/>
            </node>
        </grainTankPlane>
        <grainTankPlane type="barley">
            <node index="15|0">
                <key time="0" translation="0.054 2.76 0.475" scale="1 1 1"/>
                <key time="1" translation="0.054 3.654 0.475" scale="1 1 1"/>
            </node>
        </grainTankPlane>
        <grainTankPlane type="maize">
            <node index="15|1">
                <key time="0" translation="0.054 2.76 0.475" scale="1 1 1"/>
                <key time="1" translation="0.054 3.654 0.475" scale="1 1 1"/>
            </node>
        </grainTankPlane>
        <grainTankPlane type="rape">
            <node index="15|2">
                <key time="0" translation="0.054 2.76 0.475" scale="1 1 1"/>
                <key time="1" translation="0.054 3.654 0.475" scale="1 1 1"/>
            </node>
        </grainTankPlane>
    </grainTankPlanes>	

    <grainTankFruitTypes fruitTypes="wheat rape maize barley" />

    <combineSize>1</combineSize>
    <characterNode index="16" cameraMinDistance="1.5" />
    <strawAreas count="1">
        <strawArea1 startIndex="17" widthIndex="18" heightIndex="19" />
    </strawAreas>

    <combineTrailerTriggers>
        <combineTrailerTrigger index="20" />
    </combineTrailerTriggers>
    <aiTrafficCollisionTrigger index="21" />
	
	<rotationParts>
		<rotationPart1 index="0>31|0|3|0" minRot="0 0 0" maxRot="0 80 0" rotTime="1.4" touchRotLimit="10" /> <!-- fuel needle -->
		<rotationPart2 index="0>31|0|2|0" minRot="0 0 0" maxRot="0 245 0" rotTime="1.4" touchRotLimit="10" /> <!-- mph needle -->
		<rotationPart3 index="0>31|0|0" minRot="0 0 0" maxRot="14 0 0" rotTime="0.2" touchRotLimit="10" /> <!-- footbrake  -->
		<rotationPart4 index="0>31|0|1" minRot="0 0 0" maxRot="14 0 0" rotTime="0.1" touchRotLimit="10" /> <!-- Clutch  -->
	</rotationParts>
	<key index="0>31|0|4|0" off="0 0 0" on="0 0 20" start="0 0 37" />
	
	<rotateSpinners>
		<node index="0>31|0|6" rotationSpeed="0.5 0 0" runOutTime="2.5" />
	</rotateSpinners>

    <components count="3">
        <component1 centerOfMass="0 0 0.55" solverIterationCount="90" />
        <component2 solverIterationCount="90" />
        <component3 centerOfMass="0 -1.0 0" solverIterationCount="90" />
        <joint component1="0" component2="1" index="0>12|1" rotLimit="0 0 0" transLimit="0 0 0" />
        <joint component1="2" component2="0" index="2>0" rotLimit="0 0 8" transLimit="0 0 0" />
    </components>
	
    <schemaOverlay file="textures/vehicleSchema.png" fileSelected="textures/vehicleSchemaSelected.png" width="0.5" height="0.5" attacherJointPosition="0.5 0">
        <attacherJoint position="0 0" rotation="0" invertX="false" />
        <attacherJoint position="1 0" rotation="0" invertX="false" />
        <attacherJoint position="1 0" rotation="0" invertX="false" />
        <attacherJoint position="1 0" rotation="0" invertX="false" />	
    </schemaOverlay>

</vehicle>
